Name,Country,City,URL,Host,Maintainer,OK,CountryCode
0-Cloud,0-Cloud,0-Cloud,http://cran.rstudio.com/,"Rstudio, automatic redirection to servers worldwide","winston # stdout.org",1,us
"Argentina (La Plata)",Argentina,"La Plata",http://mirror.fcaglp.unlp.edu.ar/CRAN/,"Universidad Nacional de La Plata","esuarez # Fcaglp.unlp.edu.ar",1,ar
"Argentina (Mendoza)",Argentina,Mendoza,http://r.mirror.mendoza-conicet.gob.ar/,"CONICET Mendoza","pcastorino # Mendoza-conicet.gob.ar",1,ar
"Australia (Canberra)",Australia,Canberra,http://cran.csiro.au/,CSIRO,"Bill.Venables # CSIRO.au, ServiceDesk2 # CSIRO.au",1,au
"Australia (Melbourne)",Australia,Melbourne,http://cran.ms.unimelb.edu.au/,"University of Melbourne","cran # ms.unimelb.edu.au",1,au
Austria,Austria,Wien,http://cran.at.r-project.org/,"Wirtschaftsuniversitaet Wien","CRAN # R-project.org",1,at
Belgium,Belgium,Antwerp,http://www.freestatistics.org/cran/,"K.U.Leuven Association","patrick # wessa.net",1,be
"Brazil (BA)",Brazil,Ilheus,http://nbcgib.uesc.br/mirrors/cran/,"Center for Comp. Biol. at Universidade Estadual de Santa Cruz","eduardo # nbcgib.uesc.br",1,br
"Brazil (PR)",Brazil,Curitiba,http://cran-r.c3sl.ufpr.br/,"Universidade Federal do Parana","Paulo J. Ribeiro Jr <paulojus # est.ufpr.br>",1,br
"Brazil (RJ)",Brazil,"Rio de Janeiro",http://cran.fiocruz.br/,"Oswaldo Cruz Foundation, Rio de Janeiro","oswaldo # fiocruz.br",1,br
"Brazil (SP 1)",Brazil,"Sao Paulo",http://www.vps.fmvz.usp.br/CRAN/,"University of Sao Paulo, Sao Paulo","Fernando Ferreira <fernando # vps.fmvz.usp.br>",1,br
"Brazil (SP 2)",Brazil,Piracicaba,http://brieger.esalq.usp.br/CRAN/,"University of Sao Paulo, Piracicaba","aafgarci # esalq.usp.br",1,br
"Canada (BC)",Canada,Burnaby,http://cran.stat.sfu.ca/,"Simon Fraser University, Burnaby","gripe # sfu.ca",1,ca
"Canada (NS)",Canada,Halifax,http://mirror.its.dal.ca/cran/,"Dalhousie University, Halifax","mirror # lists.dal.ca",1,ca
"Canada (ON)",Canada,Toronto,http://cran.utstat.utoronto.ca/,"University of Toronto","Dermot Whelan <wheland # utstat.utoronto.ca>",1,ca
"Canada (QC 1)",Canada,Montreal,http://cran.skazkaforyou.com/,"iWeb, Montreal","mirrors # skazkaforyou.com",1,ca
"Canada (QC 2)",Canada,Montreal,http://cran.parentingamerica.com/,"iWeb, Montreal","jmiller # Parentingamerica.com",1,ca
Chile,Chile,Santiago,http://dirichlet.mat.puc.cl/,"Pontificia Universidad Catolica de Chile, Santiago","Fernando Quintana <quintana # mat.puc.cl>",1,cl
"China (Beijing 1)",China,Bejing,http://ftp.ctex.org/mirrors/CRAN/,CTEX.ORG,"Aloft Wu <aloft # ctex.org>",1,cn
"China (Beijing 2)",China,Bejing,http://mirror.bjtu.edu.cn/cran,"Beijing Jiaotong University, Beijing","idealities # gmail.com",1,cn
"China (Hefei)",China,Hefei,http://mirrors.ustc.edu.cn/CRAN/,"University of Science and Technology of China","mirrors # Ustc.edu.cn",1,cn
"China (Xiamen)",China,Xiamen,http://mirrors.xmu.edu.cn/CRAN/,"Xiamen University","admin # Xdmc.org",1,cn
"Colombia (Bogota)",Colombia,Bogota,http://www.laqee.unal.edu.co/CRAN/,"National University of Colombia","Ernesto Parra Rincon <eparrar # unal.edu.co>",1,co
"Colombia (Cali)",Colombia,Cali,http://www.icesi.edu.co/CRAN/,"Icesi University","adminred # Icesi.edu.co",1,co
Denmark,Denmark,Aalborg,http://mirrors.dotsrc.org/cran/,"dotsrc.org, Aalborg","mirror # dotsrc.org",1,dk
Ecuador,Ecuador,Guayaquil,http://cran.espol.edu.ec/,"Escuela Superior Politecnica del Litoral","jrodrig # espol.edu.ec",1,ec
"France (Lyon 1)",France,Lyon,http://cran.univ-lyon1.fr/,"Dept. of Biometry & Evol. Biology, University of Lyon","Jean Thioulouse <Jean.Thioulouse # univ-lyon1.fr>",1,fr
"France (Lyon 2)",France,Lyon,http://mirror.ibcp.fr/pub/CRAN/,"CNRS IBCP, Lyon","alexis.michon # ibcp.fr",1,fr
"France (Montpellier)",France,Montpellier,http://ftp.igh.cnrs.fr/pub/CRAN/,"Institut de Genetique Humaine, Montpellier","guillaume.gielly # igh.cnrs.fr",1,fr
"France (Paris 1)",France,Paris,http://cran.irsn.fr/,"French Nuclear Safety Institute, Paris","yann.richet # irsn.fr",1,fr
"France (Paris 2)",France,Paris,http://cran.univ-paris1.fr/,"Universite Paris 1 Pantheon-Sorbonne","pierre.latouche # univ-paris1.fr",1,fr
"Germany (Berlin)",Germany,Berlin,http://mirrors.softliste.de/cran/,"Softliste.de, Berlin","docko # docko.sk",1,de
"Germany (Bonn)",Germany,Bonn,http://cran.r-mirror.de/,"Stefan Drees, Bonn","stefan # drees.name",1,de
"Germany (Goettingen)",Germany,Goettingen,http://ftp5.gwdg.de/pub/misc/cran/,"GWDG Goettingen","Eberhard Moenkeberg <emoenke # gwdg.de>",1,de
Greece,Greece,Crete,http://cran.cc.uoc.gr/,"University of Crete","mirrors # Cc.uoc.gr",1,gr
Hungary,Hungary,Budapest,http://cran.rapporter.net/,"Rapporter.net, Budapest","Daróczi Gergely <gergely # snowl.net>",1,hu
India,India,Chennai,http://ftp.iitm.ac.in/cran/,"Indian Institute of Technology Madras","sriram # iitm.ac.in",1,in
"Indonesia (Jakarta)",Indonesia,Jakarta,http://cran.repo.bppt.go.id/,"Agency for The Application and Assessment of Technology","Imam Cartealy <icx # biotek.bppt.go.id>",1,id
"Indonesia (Jember)",Indonesia,Jember,http://cran.unej.ac.id,"The University of Jember","itirta.fmipa # unej.ac.id, tirtaimade # gmail.com",1,id
Iran,Iran,Mashhad,http://cran.um.ac.ir/,"Ferdowsi University of Mashhad","Majid Sarmad <sarmad # um.ac.ir>",1,ir
Ireland,Ireland,Dublin,http://ftp.heanet.ie/mirrors/cran.r-project.org/,"HEAnet, Dublin","Brian McArdle <brian.mcardle # heanet.ie>",1,ie
"Italy (Milano)",Italy,Milano,http://cran.mirror.garr.it/mirrors/CRAN/,"Garr Mirror, Milano","mirror-service # garr.it",1,it
"Italy (Padua)",Italy,Padua,http://cran.stat.unipd.it/,"University of Padua","cran # stat.unipd.it",1,it
"Italy (Palermo)",Italy,Palermo,http://dssm.unipa.it/CRAN/,"Universita degli Studi di Palermo","elio.mineo # dssm.unipa.it, alf # dssm.unipa.it",1,it
"Japan (Hyogo)",Japan,Hyogo,http://essrc.hyogo-u.ac.jp/cran/,"Hyogo University of Teacher Education","essrc-cran # hyogo-u.ac.jp",1,jp
"Japan (Tokyo)",Japan,Tokyo,http://cran.ism.ac.jp/,"Institute of Statistical Mathematics, Tokyo","Junji Nakano <nakanoj # ism.ac.jp>",1,jp
"Japan (Tsukuba)",Japan,Tsukuba,http://cran.md.tsukuba.ac.jp/,"University of Tsukuba","mokada # md.tsukuba.ac.jp",1,jp
"Korea (Seoul 1)",Korea,Seoul,http://cran.nexr.com/,"NexR Corporation, Seoul","mining # nexr.com",1,kr
"Korea (Seoul 2)",Korea,Seoul,http://biostat.cau.ac.kr/CRAN/,"Chung-Ang University, Seoul","Sunghow # gmail.com",1,kr
Lebanon,Lebanon,Byblos,http://rmirror.lau.edu.lb/,"Lebanese American University, Byblos","gGeorges Khazen <khazen # lau.edu.lb>",1,lb
"Mexico (Mexico City)",Mexico,"Mexico City",http://cran.itam.mx/,"Instituto Tecnologico Autonomo de Mexico","Ernesto Barrios <ebarrios # Itam.mx>",1,mx
"Mexico (Texcoco)",Mexico,Texcoco,http://www.est.colpos.mx/R-mirror/,"Colegio de Postgraduados, Texcoco","perpdgo # gmail.com",1,mx
"Netherlands (Amsterdam)",Netherlands,Amsterdam,http://cran.xl-mirror.nl/,"XL-Data, Amsterdam","werner # xl-mirror.nl",1,nl
"Netherlands (Utrecht)",Netherlands,Utrecht,http://cran-mirror.cs.uu.nl/,"Utrecht University","webmaster # cs.uu.nl",1,nl
"New Zealand","New Zealand",Auckland,http://cran.stat.auckland.ac.nz/,"University of Auckland","w.schmidt # auckland.ac.nz",1,nz
Norway,Norway,Bergen,http://cran.uib.no/,"University of Bergen","sundrift # It.uib.no",1,no
Philippines,Philippines,"Quezon City",http://cran.stat.upd.edu.ph/,"University of the Philippines and PREGINET","edward.p.santos # Up.edu.ph",1,ph
Poland,Poland,Wroclaw,http://r.meteo.uni.wroc.pl/,"University of Wroclaw","Paweł Netzel <netzel # meteo.uni.wroc.pl>",1,pl
Portugal,Portugal,Porto,http://cran.dcc.fc.up.pt/,"University of Porto","labcc # labcc.dcc.fc.up.pt",1,pt
Russia,Russia,Moscow,http://cran.gis-lab.info/,GIS-Lab.info,"sim # gis-lab.info",1,ru
Singapore,Singapore,Singapore,http://cran.stat.nus.edu.sg/,"National University of Singapore","Zhang Rong <ccezr # nus.edu.sg>",1,sg
Slovakia,Slovakia,Bratislava,http://cran.fyxm.net/,"FYXM.net, Bratislava","docko # docko.sk",1,sk
"South Africa (Cape Town)","South Africa","Cape Town",http://r.adu.org.za/,"University of Cape Town","michael.brooks # uct.ac.za",1,za
"South Africa (Johannesburg)","South Africa",Johannesburg,http://cran.mirror.ac.za/,"TENET, Johannesburg","Patrick Holahan <patrickh # tenet.ac.za>",1,za
"Spain (Madrid)",Spain,Madrid,http://cran.es.r-project.org/,"Spanish National Research Network, Madrid","Jose Manuel Macias <jmanuel.macias # rediris.es>",1,es
Sweden,Sweden,Uppsala,http://ftp.sunet.se/pub/lang/CRAN/,"Swedish University Computer Network, Uppsala","Goran Brostrom <gb # stat.umu.se>",1,se
Switzerland,Switzerland,Zuerich,http://stat.ethz.ch/CRAN/,"ETH Zuerich","Martin.Maechler # R-project.org",1,ch
"Taiwan (Taichung)",Taiwan,Taichung,http://cran.cs.pu.edu.tw/,"Providence University, Taichung","hcchang # cs.pu.edu.tw",1,tw
"Taiwan (Taipei)",Taiwan,Taipei,http://cran.csie.ntu.edu.tw/,"National Taiwan University, Taipei","Rong-En Fan  <rafan # infor.org>",1,tw
Thailand,Thailand,Hatyai,http://mirrors.psu.ac.th/pub/cran/,"Prince of Songkla University, Hatyai","wipat.s # psu.ac.th",1,th
Turkey,Turkey,Denizli,http://cran.pau.edu.tr,"Pamukkale University, Denizli","Ugur Zeybek <uzeybek # pau.edu.tr>",1,tr
"UK (Bristol)",UK,Bristol,http://www.stats.bris.ac.uk/R/,"University of Bristol","Guy Nason <G.P.Nason # bristol.ac.uk>",1,uk
"UK (London)",UK,London,http://cran.ma.imperial.ac.uk/,"Imperial College London","s.rochford # imperial.ac.uk",1,uk
"UK (London)",UK,"London",http://mirror.mdx.ac.uk/R/,"Middlesex University London","Louis Slabbert <l.slabbert # mdx.ac.uk>",1,uk
"UK (St Andrews)",UK,"St Andrews",http://star-www.st-andrews.ac.uk/cran/,"St Andrews University","Lee Kelvin <lsk9 # St-andrews.ac.uk>",1,uk
"USA (CA 1)",USA,Berkeley,http://cran.cnr.Berkeley.edu,"University of California, Berkeley, CA","casterln # nature.berkeley.edu",1,us
"USA (CA 2)",USA,"Los Angeles",http://cran.stat.ucla.edu/,"University of California, Los Angeles, CA","Jose Hales-Garcia <jose # stat.ucla.edu>",1,us
"USA (IA)",USA,Ames,http://streaming.stat.iastate.edu/CRAN/,"Iowa State University, Ames, IA","statit # iastate.edu",1,us
"USA (IN)",USA,Bloomington,http://ftp.ussg.iu.edu/CRAN/,"Indiana University","rtadmin # indiana.edu",1,us
"USA (KS)",USA,Lawrence,http://rweb.quant.ku.edu/cran/,"University of Kansas, Lawrence, KS","Paul Johnson <pauljohn # ku.edu>",1,us
"USA (MD)",USA,Bethesda,http://watson.nci.nih.gov/cran_mirror/,"National Cancer Institute, Bethesda, MD","Sean Davis <sdavis2 # mail.nih.gov>",1,us
"USA (MI)",USA,Houghton,http://cran.mtu.edu/,"Michigan Technological University, Houghton, MI","Robert Froese <froese # mtu.edu>",1,us
"USA (MO)",USA,"St. Louis",http://cran.wustl.edu/,"Washington University, St. Louis, MO","admartin # wustl.edu",1,us
"USA (OH)",USA,Cleveland,http://cran.case.edu/,"Case Western Reserve University, Cleveland, OH","""Alberto H. Santana"" <ahs4 # case.edu>",1,us
"USA (OR)",USA,Corvallis,http://ftp.osuosl.org/pub/cran/,"Oregon State University","support # Osuosl.org",1,us
"USA (PA 1)",USA,Pittsburgh,http://lib.stat.cmu.edu/R/CRAN/,"Statlib, Carnegie Mellon University, Pittsburgh, PA",,1,us
"USA (PA 2)",USA,Pittsburgh,http://cran.mirrors.hoobly.com,"Hoobly Classifieds, Pittsburgh, PA","Peter Grigor <pgrigor # hoobly.com>",1,us
"USA (TN)",USA,"Oak Ridge",http://mirrors.nics.utk.edu/cran/,"National Institute for Computational Sciences, Oak Ridge, TN","help # nics.utk.edu",1,us
"USA (TX 1)",USA,Dallas,http://cran.revolutionanalytics.com,"Revolution Analytics, Dallas, TX","David Smith <david # revolutionanalytics.com>",1,us
"USA (WA 1)",USA,Seattle,http://cran.fhcrc.org/,"Fred Hutchinson Cancer Research Center, Seattle, WA","sfalcon # fhcrc.org",1,us
"USA (WA 2)",USA,Bellingham,http://cran.cs.wwu.edu/,"Western Washington University, Bellingham, WA","CS.Support # Wwu.edu",1,us
Venezuela,Venezuela,Valencia,http://camoruco.ing.uc.edu.ve/cran/,"Universidad de Carabobo Venezuela","dir-imyca # uc.edu.ve",1,ve
Vietnam,Vietnam,"Can Tho City",http://cran.vinastat.com/,VinaStat.com,"contact# vinastat.com, lchanh # ctump.edu.vn",1,vn
